<?xml version="1.0" encoding="UTF-8"?>
<help xmlns:xs="http://www.w3.org/2001/XMLSchema" product="integration-server">
<topic id="IS_AboutISAdmin"
          url="/WmRoot/doc/OnlineHelp/index.html#context/is-onlinehelp/IS_AboutISAdmin"
          width="650"/>
   <topic id="IS_Server_SrvrSchedScrn"
          url="/WmRoot/doc/OnlineHelp/index.html#context/is-onlinehelp/IS_Server_SrvrSchedScrn"
          width="650"/>
   <topic id="IS_Server_ViewSysTaskScrn"
          url="/WmRoot/doc/OnlineHelp/index.html#context/is-onlinehelp/IS_Server_ViewSysTaskScrn"
          width="650"/>
   <topic id="IS_Server_CreateTaskScrn"
          url="/WmRoot/doc/OnlineHelp/index.html#context/is-onlinehelp/IS_Server_CreateTaskScrn"
          width="650"/>
   <topic id="IS_Server_ServiceUsageScrn"
          url="/WmRoot/doc/OnlineHelp/index.html#context/is-onlinehelp/IS_Server_ServiceUsageScrn"
          width="650"/>
   <topic id="IS_Server_SrvrStatsScrn"
          url="/WmRoot/doc/OnlineHelp/index.html#context/is-onlinehelp/IS_Server_SrvrStatsScrn"
          width="650"/>
   <topic id="IS_Server_TotalSessionsScrn"
          url="/WmRoot/doc/OnlineHelp/index.html#context/is-onlinehelp/IS_Server_TotalSessionsScrn"
          width="650"/>
   <topic id="IS_Server_SysThreadsScrn"
          url="/WmRoot/doc/OnlineHelp/index.html#context/is-onlinehelp/IS_Server_SysThreadsScrn"
          width="650"/>
   <topic id="IS_Server_ThreadDumpScrn"
          url="/WmRoot/doc/OnlineHelp/index.html#context/is-onlinehelp/IS_Server_ThreadDumpScrn"
          width="650"/>
   <topic id="IS_Server_SingleThreadDumpScrn"
          url="/WmRoot/doc/OnlineHelp/index.html#context/is-onlinehelp/IS_Server_SingleThreadDumpScrn"
          width="650"/>
   <topic id="IS_Server_EnterExitQuiesceModeScrn"
          url="/WmRoot/doc/OnlineHelp/index.html#context/is-onlinehelp/IS_Server_EnterExitQuiesceModeScrn"
          width="650"/>
   <topic id="IS_Server_ShutdownRestartScrn"
          url="/WmRoot/doc/OnlineHelp/index.html#context/is-onlinehelp/IS_Server_ShutdownRestartScrn"
          width="650"/>
   <topic id="IS_Server_LogOffScrn"
          url="/WmRoot/doc/OnlineHelp/index.html#context/is-onlinehelp/IS_Server_LogOffScrn"
          width="650"/>
   <topic id="IS_Logs_ErrorScrn"
          url="/WmRoot/doc/OnlineHelp/index.html#context/is-onlinehelp/IS_Logs_ErrorScrn"
          width="650"/>
   <topic id="IS_Logs_GDInboundLogScrn"
          url="/WmRoot/doc/OnlineHelp/index.html#context/is-onlinehelp/IS_Logs_GDInboundLogScrn"
          width="650"/>
   <topic id="IS_Logs_GDOutboundLogScrn"
          url="/WmRoot/doc/OnlineHelp/index.html#context/is-onlinehelp/IS_Logs_GDOutboundLogScrn"
          width="650"/>
   <topic id="IS_Logs_MessagingScrn"
          url="/WmRoot/doc/OnlineHelp/index.html#context/is-onlinehelp/IS_Logs_MessagingScrn"
          width="650"/>
   <topic id="IS_Logs_SecurityScrn"
          url="/WmRoot/doc/OnlineHelp/index.html#context/is-onlinehelp/IS_Logs_SecurityScrn"
          width="650"/>
   <topic id="IS_Logs_ServerScrn"
          url="/WmRoot/doc/OnlineHelp/index.html#context/is-onlinehelp/IS_Logs_ServerScrn"
          width="650"/>
   <topic id="IS_Logs_AuditScrn"
          url="/WmRoot/doc/OnlineHelp/index.html#context/is-onlinehelp/IS_Logs_AuditScrn"
          width="650"/>
   <topic id="IS_Logs_SessionScrn"
          url="/WmRoot/doc/OnlineHelp/index.html#context/is-onlinehelp/IS_Logs_SessionScrn"
          width="650"/>
   <topic id="IS_Packages_MngmtScrn"
          url="/WmRoot/doc/OnlineHelp/index.html#context/is-onlinehelp/IS_Packages_MngmtScrn"
          width="650"/>
   <topic id="IS_Packages_InboundRelScrn"
          url="/WmRoot/doc/OnlineHelp/index.html#context/is-onlinehelp/IS_Packages_InboundRelScrn"
          width="650"/>
   <topic id="IS_Packages_ActivatePkgsScrn"
          url="/WmRoot/doc/OnlineHelp/index.html#context/is-onlinehelp/IS_Packages_ActivatePkgsScrn"
          width="650"/>
   <topic id="IS_Packages_RecoverPkgsScrn"
          url="/WmRoot/doc/OnlineHelp/index.html#context/is-onlinehelp/IS_Packages_RecoverPkgsScrn"
          width="650"/>
   <topic id="IS_Packages_BrowseFldrScrn"
          url="/WmRoot/doc/OnlineHelp/index.html#context/is-onlinehelp/IS_Packages_BrowseFldrScrn"
          width="650"/>
   <topic id="IS_Packages_VwLockedScrn"
          url="/WmRoot/doc/OnlineHelp/index.html#context/is-onlinehelp/IS_Packages_VwLockedScrn"
          width="650"/>
   <topic id="IS_Packages_LockDetailsScrn"
          url="/WmRoot/doc/OnlineHelp/index.html#context/is-onlinehelp/IS_Packages_LockDetailsScrn"
          width="650"/>
   <topic id="IS_Packages_UnlockElemensScrn"
          url="/WmRoot/doc/OnlineHelp/index.html#context/is-onlinehelp/IS_Packages_UnlockElemensScrn"
          width="650"/>
   <topic id="IS_Packages_ArchivePkgsScrn"
          url="/WmRoot/doc/OnlineHelp/index.html#context/is-onlinehelp/IS_Packages_ArchivePkgsScrn"
          width="650"/>
   <topic id="IS_Packages_PkgDescScrn"
          url="/WmRoot/doc/OnlineHelp/index.html#context/is-onlinehelp/IS_Packages_PkgDescScrn"
          width="650"/>
   <topic id="IS_Packages_BrowseSvcsScrn"
          url="/WmRoot/doc/OnlineHelp/index.html#context/is-onlinehelp/IS_Packages_BrowseSvcsScrn"
          width="650"/>
   <topic id="IS_Packages_SvcDetailsScrn"
          url="/WmRoot/doc/OnlineHelp/index.html#context/is-onlinehelp/IS_Packages_SvcDetailsScrn"
          width="650"/>
   <topic id="IS_Packages_TestSvcsScrn"
          url="/WmRoot/doc/OnlineHelp/index.html#context/is-onlinehelp/IS_Packages_TestSvcsScrn"
          width="650"/>
   <topic id="IS_Packages_SetACLsScrn"
          url="/WmRoot/doc/OnlineHelp/index.html#context/is-onlinehelp/IS_Packages_SetACLsScrn"
          width="650"/>
   <topic id="IS_Packages_WmXSLTpkg_Scrn"
          url="/WmRoot/doc/OnlineHelp/index.html#context/is-onlinehelp/IS_Packages_WmXSLTpkg_Scrn"
          width="650"/>
   <topic id="IS_Packages_PublishingPkgsScrn"
          url="/WmRoot/doc/OnlineHelp/index.html#context/is-onlinehelp/IS_Packages_PublishingPkgsScrn"
          width="650"/>
   <topic id="IS_Packages_CreateDelRelsScrn"
          url="/WmRoot/doc/OnlineHelp/index.html#context/is-onlinehelp/IS_Packages_CreateDelRelsScrn"
          width="650"/>
   <topic id="IS_Packages_CreateRelScrn"
          url="/WmRoot/doc/OnlineHelp/index.html#context/is-onlinehelp/IS_Packages_CreateRelScrn"
          width="650"/>
   <topic id="IS_Packages_AddSubsScrn"
          url="/WmRoot/doc/OnlineHelp/index.html#context/is-onlinehelp/IS_Packages_AddSubsScrn"
          width="650"/>
   <topic id="IS_Packages_UpdateRemoveSubsScrn"
          url="/WmRoot/doc/OnlineHelp/index.html#context/is-onlinehelp/IS_Packages_UpdateRemoveSubsScrn"
          width="650"/>
   <topic id="IS_Packages_EditSubsScrn"
          url="/WmRoot/doc/OnlineHelp/index.html#context/is-onlinehelp/IS_Packages_EditSubsScrn"
          width="650"/>
   <topic id="IS_Packages_SubscribingScrn"
          url="/WmRoot/doc/OnlineHelp/index.html#context/is-onlinehelp/IS_Packages_SubscribingScrn"
          width="650"/>
   <topic id="IS_Packages_SubRemotePkgScrn"
          url="/WmRoot/doc/OnlineHelp/index.html#context/is-onlinehelp/IS_Packages_SubRemotePkgScrn"
          width="650"/>
   <topic id="IS_Packages_UpdateUnsubRemotePkgScrn"
          url="/WmRoot/doc/OnlineHelp/index.html#context/is-onlinehelp/IS_Packages_UpdateUnsubRemotePkgScrn"
          width="650"/>
   <topic id="IS_Packages_EditSubscriptionScrn"
          url="/WmRoot/doc/OnlineHelp/index.html#context/is-onlinehelp/IS_Packages_EditSubscriptionScrn"
          width="650"/>
   <topic id="IS_Packages_FtpPullScrn"
          url="/WmRoot/doc/OnlineHelp/index.html#context/is-onlinehelp/IS_Packages_FtpPullScrn"
          width="650"/>
   <topic id="IS_Solutions_MobileSupport_Scrn"
          url="/WmRoot/doc/OnlineHelp/index.html#context/is-onlinehelp/IS_Solutions_MobileSupport_Scrn"
          width="650"/>
   <topic id="IS_Solutions_MobileSupport_MSCScrn"
          url="/WmRoot/doc/OnlineHelp/index.html#context/is-onlinehelp/IS_Solutions_MobileSupport_MSCScrn"
          width="650"/>
   <topic id="IS_Solutions_MobileSupport_AddMSCScrn"
          url="/WmRoot/doc/OnlineHelp/index.html#context/is-onlinehelp/IS_Solutions_MobileSupport_AddMSCScrn"
          width="650"/>
   <topic id="IS_Solutions_MobileSupport_EditMSCScrn"
          url="/WmRoot/doc/OnlineHelp/index.html#context/is-onlinehelp/IS_Solutions_MobileSupport_EditMSCScrn"
          width="650"/>
   <topic id="IS_Solutions_MobileSupport_MobileAppScrn"
          url="/WmRoot/doc/OnlineHelp/index.html#context/is-onlinehelp/IS_Solutions_MobileSupport_MobileAppScrn"
          width="650"/>
   <topic id="IS_Solutions_MobileSupport_AddMobileAppScrn"
          url="/WmRoot/doc/OnlineHelp/index.html#context/is-onlinehelp/IS_Solutions_MobileSupport_AddMobileAppScrn"
          width="650"/>
   <topic id="IS_Solutions_MobileSupport_EditMobileAppScrn"
          url="/WmRoot/doc/OnlineHelp/index.html#context/is-onlinehelp/IS_Solutions_MobileSupport_EditMobileAppScrn"
          width="650"/>
   <topic id="IS_webMethodsCloud_SettingsScrn"
          url="/WmRoot/doc/OnlineHelp/index.html#context/is-onlinehelp/IS_webMethodsCloud_SettingsScrn"
          width="650"/>
   <topic id="IS_webMethodsCloud_AccountsScrn"
          url="/WmRoot/doc/OnlineHelp/index.html#context/is-onlinehelp/IS_webMethodsCloud_AccountsScrn"
          width="650"/>
   <topic id="IS_webMethodsCloud_CreateAccountScrn"
          url="/WmRoot/doc/OnlineHelp/index.html#context/is-onlinehelp/IS_webMethodsCloud_CreateAccountScrn"
          width="650"/>
   <topic id="IS_webMethodsCloud_EditAccountScrn"
          url="/WmRoot/doc/OnlineHelp/index.html#context/is-onlinehelp/IS_webMethodsCloud_EditAccountScrn"
          width="650"/>
   <topic id="IS_webMethodsCloud_ApplicationsScrn"
          url="/WmRoot/doc/OnlineHelp/index.html#context/is-onlinehelp/IS_webMethodsCloud_ApplicationsScrn"
          width="650"/>
   <topic id="IS_webMethodsCloud_DefineApplicationScrn"
          url="/WmRoot/doc/OnlineHelp/index.html#context/is-onlinehelp/IS_webMethodsCloud_DefineApplicationScrn"
          width="650"/>
   <topic id="IS_webMethodsCloud_EditApplicationScrn"
          url="/WmRoot/doc/OnlineHelp/index.html#context/is-onlinehelp/IS_webMethodsCloud_EditApplicationScrn"
          width="650"/>
   <topic id="IS_webMethodsCloud_UploadApplicationScrn"
          url="/WmRoot/doc/OnlineHelp/index.html#context/is-onlinehelp/IS_webMethodsCloud_UploadApplicationScrn"
          width="650"/>
   <topic id="IS_webMethodsCloud_DockerServicesScrn"
          url="/WmRoot/doc/OnlineHelp/index.html#context/is-onlinehelp/IS_webMethodsCloud_DockerServicesScrn"
          width="650"/>
   <topic id="IS_Microservices_ConfigurationVariables"
          url="/WmRoot/doc/OnlineHelp/index.html#context/is-onlinehelp/IS_Microservices_ConfigurationVariables"
          width="650"/>
   <topic id="IS_Microservices_EncryptedValue"
          url="/WmRoot/doc/OnlineHelp/index.html#context/is-onlinehelp/IS_Microservices_EncryptedValue"
          width="650"/>
   <topic id="IS_Microsersvices_HealthGauge"
          url="/WmRoot/doc/OnlineHelp/index.html#context/is-onlinehelp/IS_Microsersvices_HealthGauge"
          width="650"/>
   <topic id="IS_Microservices_HealthGauge_IndicatorProperties"
          url="/WmRoot/doc/OnlineHelp/index.html#context/is-onlinehelp/IS_Microservices_HealthGauge_IndicatorProperties"
          width="650"/>
   <topic id="IS_Microservices_HealthGauge_IndicatorProperties_Edit"
          url="/WmRoot/doc/OnlineHelp/index.html#context/is-onlinehelp/IS_Microservices_HealthGauge_IndicatorProperties_Edit"
          width="650"/>
   <topic id="IS_Security_ACLsScrn"
          url="/WmRoot/doc/OnlineHelp/index.html#context/is-onlinehelp/IS_Security_ACLsScrn"
          width="650"/>
   <topic id="IS_Security_AddRemoveACLsScrn"
          url="/WmRoot/doc/OnlineHelp/index.html#context/is-onlinehelp/IS_Security_AddRemoveACLsScrn"
          width="650"/>
   <topic id="IS_Security_SecurityCertificatesScrn"
          url="/WmRoot/doc/OnlineHelp/index.html#context/is-onlinehelp/IS_Security_SecurityCertificatesScrn"
          width="650"/>
   <topic id="IS_Security_ConfigClientCertifScrn"
          url="/WmRoot/doc/OnlineHelp/index.html#context/is-onlinehelp/IS_Security_ConfigClientCertifScrn"
          width="650"/>
   <topic id="IS_Security_ClientCertifDetailsScrn"
          url="/WmRoot/doc/OnlineHelp/index.html#context/is-onlinehelp/IS_Security_ClientCertifDetailsScrn"
          width="650"/>
   <topic id="IS_Security_ClientCertifUserMappingScrn"
          url="/WmRoot/doc/OnlineHelp/index.html#context/is-onlinehelp/IS_Security_ClientCertifUserMappingScrn"
          width="650"/>
   <topic id="IS_Security_EditCertificateSettingsScrn"
          url="/WmRoot/doc/OnlineHelp/index.html#context/is-onlinehelp/IS_Security_EditCertificateSettingsScrn"
          width="650"/>
   <topic id="IS_Security_CSRFGuardScrn"
          url="/WmRoot/doc/OnlineHelp/index.html#context/is-onlinehelp/IS_Security_CSRFGuardScrn"
          width="650"/>
   <topic id="IS_Security_CSRFGuardEditScrn"
          url="/WmRoot/doc/OnlineHelp/index.html#context/is-onlinehelp/IS_Security_CSRFGuardEditScrn"
          width="650"/>
   <topic id="IS_Security_EnterpriseGatewayRulesScrn"
          url="/WmRoot/doc/OnlineHelp/index.html#context/is-onlinehelp/IS_Security_EnterpriseGatewayRulesScrn"
          width="650"/>
   <topic id="IS_Security_EnterpriseGatewayRules_DefaultAlertOptionsScrn"
          url="/WmRoot/doc/OnlineHelp/index.html#context/is-onlinehelp/IS_Security_EnterpriseGatewayRules_DefaultAlertOptionsScrn"
          width="650"/>
   <topic id="IS_Security_EnterpriseGatewayRules_DefaultAlertOptionsEditAlertOptionsDefaultScrn"
          url="/WmRoot/doc/OnlineHelp/index.html#context/is-onlinehelp/IS_Security_EnterpriseGatewayRules_DefaultAlertOptionsEditAlertOptionsDefaultScrn"
          width="650"/>
   <topic id="IS_Security_EnterpriseGatewayRules_DoSOptionsScrn"
          url="/WmRoot/doc/OnlineHelp/index.html#context/is-onlinehelp/IS_Security_EnterpriseGatewayRules_DoSOptionsScrn"
          width="650"/>
   <topic id="IS_Security_EnterpriseGatewayRules_DoSOptionsGlobalDenialofServiceScrn"
          url="/WmRoot/doc/OnlineHelp/index.html#context/is-onlinehelp/IS_Security_EnterpriseGatewayRules_DoSOptionsGlobalDenialofServiceScrn"
          width="650"/>
   <topic id="IS_Security_EnterpriseGatewayRules_DoSOptionsDoSByIPAddressScrn"
          url="/WmRoot/doc/OnlineHelp/index.html#context/is-onlinehelp/IS_Security_EnterpriseGatewayRules_DoSOptionsDoSByIPAddressScrn"
          width="650"/>
   <topic id="IS_Security_EnterpriseGatewayRules_MobileApplicationProtectionOptionsScrn"
          url="/WmRoot/doc/OnlineHelp/index.html#context/is-onlinehelp/IS_Security_EnterpriseGatewayRules_MobileApplicationProtectionOptionsScrn"
          width="650"/>
   <topic id="IS_Security_EnterpriseGatewayRules_MobileApplicationProtectionOptions_EditDeviceTypesScrn"
          url="/WmRoot/doc/OnlineHelp/index.html#context/is-onlinehelp/IS_Security_EnterpriseGatewayRules_MobileApplicationProtectionOptions_EditDeviceTypesScrn"
          width="650"/>
   <topic id="IS_Security_EnterpriseGatewayRules_MobileApplicationProtectionOptionsEditMobileApplicationsScrn"
          url="/WmRoot/doc/OnlineHelp/index.html#context/is-onlinehelp/IS_Security_EnterpriseGatewayRules_MobileApplicationProtectionOptionsEditMobileApplicationsScrn"
          width="650"/>
   <topic id="IS_Security_EnterpriseGatewayRules_CreateRuleScrn"
          url="/WmRoot/doc/OnlineHelp/index.html#context/is-onlinehelp/IS_Security_EnterpriseGatewayRules_CreateRuleScrn"
          width="650"/>
   <topic id="IS_Security_EnterpriseGatewayRules_EditRuleScrn"
          url="/WmRoot/doc/OnlineHelp/index.html#context/is-onlinehelp/IS_Security_EnterpriseGatewayRules_EditRuleScrn"
          width="650"/>
   <topic id="IS_Security_EnterpriseGatewayRules_EditAlertOptionsRuleScrn"
          url="/WmRoot/doc/OnlineHelp/index.html#context/is-onlinehelp/IS_Security_EnterpriseGatewayRules_EditAlertOptionsRuleScrn"
          width="650"/>
   <topic id="IS_Security_KerberosSettingsScrn"
          url="/WmRoot/doc/OnlineHelp/index.html#context/is-onlinehelp/IS_Security_KerberosSettingsScrn"
          width="650"/>
   <topic id="IS_Security_KerberosSettingsScrn_Edit"
          url="/WmRoot/doc/OnlineHelp/index.html#context/is-onlinehelp/IS_Security_KerberosSettingsScrn_Edit"
          width="650"/>
   <topic id="IS_Security_JWTScrn"
          url="/WmRoot/doc/OnlineHelp/index.html#context/is-onlinehelp/IS_Security_JWTScrn"
          width="650"/>
   <topic id="IS_Security_JWT_TrustedIssuersScrn"
          url="/WmRoot/doc/OnlineHelp/index.html#context/is-onlinehelp/IS_Security_JWT_TrustedIssuersScrn"
          width="650"/>
   <topic id="IS_Security_JWT_AddIssuersScrn"
          url="/WmRoot/doc/OnlineHelp/index.html#context/is-onlinehelp/IS_Security_JWT_AddIssuersScrn"
          width="650"/>
   <topic id="IS_Security_JWT_EditIssuersScrn"
          url="/WmRoot/doc/OnlineHelp/index.html#context/is-onlinehelp/IS_Security_JWT_EditIssuersScrn"
          width="650"/>
   <topic id="IS_Security_JWT_IssuerConfigurationScrn"
          url="/WmRoot/doc/OnlineHelp/index.html#context/is-onlinehelp/IS_Security_JWT_IssuerConfigurationScrn"
          width="650"/>
   <topic id="IS_Security_JWT_AddIssuerCertificatemappingScrn"
          url="/WmRoot/doc/OnlineHelp/index.html#context/is-onlinehelp/IS_Security_JWT_AddIssuerCertificatemappingScrn"
          width="650"/>
   <topic id="IS_Security_JWT_AddUpdateSkewmappingScrn"
          url="/WmRoot/doc/OnlineHelp/index.html#context/is-onlinehelp/IS_Security_JWT_AddUpdateSkewmappingScrn"
          width="650"/>
   <topic id="IS_Security_JWT_EditGlobalClaimSettingsScrn"
          url="/WmRoot/doc/OnlineHelp/index.html#context/is-onlinehelp/IS_Security_JWT_EditGlobalClaimSettingsScrn"
          width="650"/>
   <topic id="IS_Security_KeystoreScrn"
          url="/WmRoot/doc/OnlineHelp/index.html#context/is-onlinehelp/IS_Security_KeystoreScrn"
          width="650"/>
   <topic id="IS_Security_CreateKeystoreAliasScrn"
          url="/WmRoot/doc/OnlineHelp/index.html#context/is-onlinehelp/IS_Security_CreateKeystoreAliasScrn"
          width="650"/>
   <topic id="IS_Security_CreateTruststoreAliasScrn"
          url="/WmRoot/doc/OnlineHelp/index.html#context/is-onlinehelp/IS_Security_CreateTruststoreAliasScrn"
          width="650"/>
   <topic id="IS_Security_SecurityProviderAdd"
          url="/WmRoot/doc/OnlineHelp/index.html#context/is-onlinehelp/IS_Security_SecurityProviderAdd"
          width="650"/>
   <topic id="IS_Security_ViewKeystoreAliasScrn"
          url="/WmRoot/doc/OnlineHelp/index.html#context/is-onlinehelp/IS_Security_ViewKeystoreAliasScrn"
          width="650"/>
   <topic id="IS_Security_EditKeystoreAliasScrn"
          url="/WmRoot/doc/OnlineHelp/index.html#context/is-onlinehelp/IS_Security_EditKeystoreAliasScrn"
          width="650"/>
   <topic id="IS_Security_EditTruststoreAliasScrn"
          url="/WmRoot/doc/OnlineHelp/index.html#context/is-onlinehelp/IS_Security_EditTruststoreAliasScrn"
          width="650"/>
   <topic id="IS_Security_OAuthScrn"
          url="/WmRoot/doc/OnlineHelp/index.html#context/is-onlinehelp/IS_Security_OAuthScrn"
          width="650"/>
   <topic id="IS_Security_OAuthEditScrn"
          url="/WmRoot/doc/OnlineHelp/index.html#context/is-onlinehelp/IS_Security_OAuthEditScrn"
          width="650"/>
   <topic id="IS_Security_OAuthClientRegistrationScrn"
          url="/WmRoot/doc/OnlineHelp/index.html#context/is-onlinehelp/IS_Security_OAuthClientRegistrationScrn"
          width="650"/>
   <topic id="IS_Security_OAuthRegisterClientScrn"
          url="/WmRoot/doc/OnlineHelp/index.html#context/is-onlinehelp/IS_Security_OAuthRegisterClientScrn"
          width="650"/>
   <topic id="IS_Security_OAuthEditClientScrn"
          url="/WmRoot/doc/OnlineHelp/index.html#context/is-onlinehelp/IS_Security_OAuthEditClientScrn"
          width="650"/>
   <topic id="IS_Security_OAuthScopeManagementScrn"
          url="/WmRoot/doc/OnlineHelp/index.html#context/is-onlinehelp/IS_Security_OAuthScopeManagementScrn"
          width="650"/>
   <topic id="IS_Security_OAuthAddScopeScrn"
          url="/WmRoot/doc/OnlineHelp/index.html#context/is-onlinehelp/IS_Security_OAuthAddScopeScrn"
          width="650"/>
   <topic id="IS_Security_OAuthEditScopeScrn"
          url="/WmRoot/doc/OnlineHelp/index.html#context/is-onlinehelp/IS_Security_OAuthEditScopeScrn"
          width="650"/>
   <topic id="IS_Security_OAuthAssociateScopesToClientsScrn"
          url="/WmRoot/doc/OnlineHelp/index.html#context/is-onlinehelp/IS_Security_OAuthAssociateScopesToClientsScrn"
          width="650"/>
   <topic id="IS_Security_OAuthTokens"
          url="/WmRoot/doc/OnlineHelp/index.html#context/is-onlinehelp/IS_Security_OAuthTokens"
          width="650"/>
   <topic id="IS_Security_OAuth_AddExternalAuthorizationServer"
          url="/WmRoot/doc/OnlineHelp/index.html#context/is-onlinehelp/IS_Security_OAuth_AddExternalAuthorizationServer"
          width="650"/>
   <topic id="IS_Security_OAuth_EditExternalAuthorizationServer"
          url="/WmRoot/doc/OnlineHelp/index.html#context/is-onlinehelp/IS_Security_OAuth_EditExternalAuthorizationServer"
          width="650"/>
   <topic id="IS_Security_OutboundPasswordsScrn"
          url="/WmRoot/doc/OnlineHelp/index.html#context/is-onlinehelp/IS_Security_OutboundPasswordsScrn"
          width="650"/>
   <topic id="IS_Security_UpdateMasterPasswordScrn"
          url="/WmRoot/doc/OnlineHelp/index.html#context/is-onlinehelp/IS_Security_UpdateMasterPasswordScrn"
          width="650"/>
   <topic id="IS_Security_ResetAllPasswordsScrn"
          url="/WmRoot/doc/OnlineHelp/index.html#context/is-onlinehelp/IS_Security_ResetAllPasswordsScrn"
          width="650"/>
   <topic id="IS_Security_UpdateExpirationScrn"
          url="/WmRoot/doc/OnlineHelp/index.html#context/is-onlinehelp/IS_Security_UpdateExpirationScrn"
          width="650"/>
   <topic id="IS_Security_OpenIDScrn"
          url="/WmRoot/doc/OnlineHelp/index.html#context/is-onlinehelp/IS_Security_OpenIDScrn"
          width="650"/>
   <topic id="IS_Security_PortsScrn"
          url="/WmRoot/doc/OnlineHelp/index.html#context/is-onlinehelp/IS_Security_PortsScrn"
          width="650"/>
   <topic id="IS_Security_AddPortScrn"
          url="/WmRoot/doc/OnlineHelp/index.html#context/is-onlinehelp/IS_Security_AddPortScrn"
          width="650"/>
   <topic id="IS_Security_HTTP_PortConfigScrn"
          url="/WmRoot/doc/OnlineHelp/index.html#context/is-onlinehelp/IS_Security_HTTP_PortConfigScrn"
          width="650"/>
   <topic id="IS_Security_HTTPS_PortConfigScrn"
          url="/WmRoot/doc/OnlineHelp/index.html#context/is-onlinehelp/IS_Security_HTTPS_PortConfigScrn"
          width="650"/>
   <topic id="IS_Security_FilePoll_PortConfigScrn"
          url="/WmRoot/doc/OnlineHelp/index.html#context/is-onlinehelp/IS_Security_FilePoll_PortConfigScrn"
          width="650"/>
   <topic id="IS_Security_FTPS_PortConfigScrn"
          url="/WmRoot/doc/OnlineHelp/index.html#context/is-onlinehelp/IS_Security_FTPS_PortConfigScrn"
          width="650"/>
   <topic id="IS_Security_FTP_PortConfigScrn"
          url="/WmRoot/doc/OnlineHelp/index.html#context/is-onlinehelp/IS_Security_FTP_PortConfigScrn"
          width="650"/>
   <topic id="IS_Security_Email_PortConfigScrn"
          url="/WmRoot/doc/OnlineHelp/index.html#context/is-onlinehelp/IS_Security_Email_PortConfigScrn"
          width="650"/>
   <topic id="IS_Security_DiagnosticHTTP_PortConfigScrn"
          url="/WmRoot/doc/OnlineHelp/index.html#context/is-onlinehelp/IS_Security_DiagnosticHTTP_PortConfigScrn"
          width="650"/>
   <topic id="IS_Security_DiagnosticHTTPS_PortConfigScrn"
          url="/WmRoot/doc/OnlineHelp/index.html#context/is-onlinehelp/IS_Security_DiagnosticHTTPS_PortConfigScrn"
          width="650"/>
   <topic id="IS_Security_EditEnterpriseGatewayPortScrn"
          url="/WmRoot/doc/OnlineHelp/index.html#context/is-onlinehelp/IS_Security_EditEnterpriseGatewayPortScrn"
          width="650"/>
   <topic id="IS_Security_EnterpriseGatewayConnectionsScrn"
          url="/WmRoot/doc/OnlineHelp/index.html#context/is-onlinehelp/IS_Security_EnterpriseGatewayConnectionsScrn"
          width="650"/>
   <topic id="IS_Security_EditInternalSvrPortScrn"
          url="/WmRoot/doc/OnlineHelp/index.html#context/is-onlinehelp/IS_Security_EditInternalSvrPortScrn"
          width="650"/>
   <topic id="IS_Security_Edit_Websocketsecure_Port_Scrn"
          url="/WmRoot/doc/OnlineHelp/index.html#context/is-onlinehelp/IS_Security_Edit_Websocketsecure_Port_Scrn"
          width="650"/>
   <topic id="IS_Security_Edit_Websocket_Port_Scrn"
          url="/WmRoot/doc/OnlineHelp/index.html#context/is-onlinehelp/IS_Security_Edit_Websocket_Port_Scrn"
          width="650"/>
   <topic id="IS_Security_View_Websocketsecure_Port_Scrn"
          url="/WmRoot/doc/OnlineHelp/index.html#context/is-onlinehelp/IS_Security_View_Websocketsecure_Port_Scrn"
          width="650"/>
   <topic id="IS_Security_WebsockeServer_Endpoint_Scrn"
          url="/WmRoot/doc/OnlineHelp/index.html#context/is-onlinehelp/IS_Security_WebsockeServer_Endpoint_Scrn"
          width="650"/>
   <topic id="IS_Security_View_Websocket_Port_Scrn"
          url="/WmRoot/doc/OnlineHelp/index.html#context/is-onlinehelp/IS_Security_View_Websocket_Port_Scrn"
          width="650"/>
   <topic id="IS_Security_ChgPrimaryPortScrn"
          url="/WmRoot/doc/OnlineHelp/index.html#context/is-onlinehelp/IS_Security_ChgPrimaryPortScrn"
          width="650"/>
   <topic id="IS_Security_ChgGlobalIPAccessScrn"
          url="/WmRoot/doc/OnlineHelp/index.html#context/is-onlinehelp/IS_Security_ChgGlobalIPAccessScrn"
          width="650"/>
   <topic id="IS_Security_AddHoststoListScrn"
          url="/WmRoot/doc/OnlineHelp/index.html#context/is-onlinehelp/IS_Security_AddHoststoListScrn"
          width="650"/>
   <topic id="IS_Security_EditAccessModeScrn"
          url="/WmRoot/doc/OnlineHelp/index.html#context/is-onlinehelp/IS_Security_EditAccessModeScrn"
          width="650"/>
   <topic id="IS_Security_EditIPAccessScrn"
          url="/WmRoot/doc/OnlineHelp/index.html#context/is-onlinehelp/IS_Security_EditIPAccessScrn"
          width="650"/>
   <topic id="IS_Security_AdvancedControlsScrn"
          url="/WmRoot/doc/OnlineHelp/index.html#context/is-onlinehelp/IS_Security_AdvancedControlsScrn"
          width="650"/>
   <topic id="IS_Security_AddFldrsSvcsScrn"
          url="/WmRoot/doc/OnlineHelp/index.html#context/is-onlinehelp/IS_Security_AddFldrsSvcsScrn"
          width="650"/>
   <topic id="IS_Security_SAMLScrn"
          url="/WmRoot/doc/OnlineHelp/index.html#context/is-onlinehelp/IS_Security_SAMLScrn"
          width="650"/>
   <topic id="IS_Security_AddSAMLTokenIssuerScrn"
          url="/WmRoot/doc/OnlineHelp/index.html#context/is-onlinehelp/IS_Security_AddSAMLTokenIssuerScrn"
          width="650"/>
   <topic id="IS_Security_EditSAMLIssuer"
          url="/WmRoot/doc/OnlineHelp/index.html#context/is-onlinehelp/IS_Security_EditSAMLIssuer"
          width="650"/>
   <topic id="IS_Security_UsersAndGroupsScrn"
          url="/WmRoot/doc/OnlineHelp/index.html#context/is-onlinehelp/IS_Security_UsersAndGroupsScrn"
          width="650"/>
   <topic id="IS_Security_AddRemoveUsersScrn"
          url="/WmRoot/doc/OnlineHelp/index.html#context/is-onlinehelp/IS_Security_AddRemoveUsersScrn"
          width="650"/>
   <topic id="IS_Security_AddRemoveOpenIDProviderUsersScrn"
          url="/WmRoot/doc/OnlineHelp/index.html#context/is-onlinehelp/IS_Security_AddRemoveOpenIDProviderUsersScrn"
          width="650"/>
   <topic id="IS_Security_AddRemoveOpenIDProviderUserClaims"
          url="/WmRoot/doc/OnlineHelp/index.html#context/is-onlinehelp/IS_Security_AddRemoveOpenIDProviderUserClaims"
          width="650"/>
   <topic id="IS_Security_AddOpenIDProviderUserIdTokenClaims"
          url="/WmRoot/doc/OnlineHelp/index.html#context/is-onlinehelp/IS_Security_AddOpenIDProviderUserIdTokenClaims"
          width="650"/>
   <topic id="IS_Security_AddOpenIDProviderUserInfoClaims"
          url="/WmRoot/doc/OnlineHelp/index.html#context/is-onlinehelp/IS_Security_AddOpenIDProviderUserInfoClaims"
          width="650"/>
   <topic id="IS_Security_AddRemoveGroupsScrn"
          url="/WmRoot/doc/OnlineHelp/index.html#context/is-onlinehelp/IS_Security_AddRemoveGroupsScrn"
          width="650"/>
   <topic id="IS_Security_EnableDisableUsersScrn"
          url="/WmRoot/doc/OnlineHelp/index.html#context/is-onlinehelp/IS_Security_EnableDisableUsersScrn"
          width="650"/>
   <topic id="IS_Security_PasswordRestrictScrn"
          url="/WmRoot/doc/OnlineHelp/index.html#context/is-onlinehelp/IS_Security_PasswordRestrictScrn"
          width="650"/>
   <topic id="IS_Security_EditPasswordRestrictScrn"
          url="/WmRoot/doc/OnlineHelp/index.html#context/is-onlinehelp/IS_Security_EditPasswordRestrictScrn"
          width="650"/>
   <topic id="IS_Security_PasswordExpiryScrn"
          url="/WmRoot/doc/OnlineHelp/index.html#context/is-onlinehelp/IS_Security_PasswordExpiryScrn"
          width="650"/>
   <topic id="IS_Security_EditPasswordExpiryScrn"
          url="/WmRoot/doc/OnlineHelp/index.html#context/is-onlinehelp/IS_Security_EditPasswordExpiryScrn"
          width="650"/>
   <topic id="IS_Security_AccountLockScrn"
          url="/WmRoot/doc/OnlineHelp/index.html#context/is-onlinehelp/IS_Security_AccountLockScrn"
          width="650"/>
   <topic id="IS_Security_EditAccountLockScrn"
          url="/WmRoot/doc/OnlineHelp/index.html#context/is-onlinehelp/IS_Security_EditAccountLockScrn"
          width="650"/>
   <topic id="IS_Security_UnlockUserScrn"
          url="/WmRoot/doc/OnlineHelp/index.html#context/is-onlinehelp/IS_Security_UnlockUserScrn"
          width="650"/>
   <topic id="IS_Security_UserMgmtLDAPConfigScrn"
          url="/WmRoot/doc/OnlineHelp/index.html#context/is-onlinehelp/IS_Security_UserMgmtLDAPConfigScrn"
          width="650"/>
   <topic id="IS_Security_LDAPdirectoryScrn"
          url="/WmRoot/doc/OnlineHelp/index.html#context/is-onlinehelp/IS_Security_LDAPdirectoryScrn"
          width="650"/>
   <topic id="IS_Settings_CachingScrn"
          url="/WmRoot/doc/OnlineHelp/index.html#context/is-onlinehelp/IS_Settings_CachingScrn"
          width="650"/>
   <topic id="IS_Settings_CacheManager_Add"
          url="/WmRoot/doc/OnlineHelp/index.html#context/is-onlinehelp/IS_Settings_CacheManager_Add"
          width="650"/>
   <topic id="IS_Settings_CacheManager_Details"
          url="/WmRoot/doc/OnlineHelp/index.html#context/is-onlinehelp/IS_Settings_CacheManager_Details"
          width="650"/>
   <topic id="IS_Settings_CacheManager_Edit"
          url="/WmRoot/doc/OnlineHelp/index.html#context/is-onlinehelp/IS_Settings_CacheManager_Edit"
          width="650"/>
   <topic id="IS_Settings_Cache_Add"
          url="/WmRoot/doc/OnlineHelp/index.html#context/is-onlinehelp/IS_Settings_Cache_Add"
          width="650"/>
   <topic id="IS_Settings_Cache_Edit"
          url="/WmRoot/doc/OnlineHelp/index.html#context/is-onlinehelp/IS_Settings_Cache_Edit"
          width="650"/>
   <topic id="IS_Settings_ClusterScrn"
          url="/WmRoot/doc/OnlineHelp/index.html#context/is-onlinehelp/IS_Settings_ClusterScrn"
          width="650"/>
   <topic id="IS_Settings_EditClusterScrn"
          url="/WmRoot/doc/OnlineHelp/index.html#context/is-onlinehelp/IS_Settings_EditClusterScrn"
          width="650"/>
   <topic id="IS_Settings_EnhancedXMLParsing"
          url="/WmRoot/doc/OnlineHelp/index.html#context/is-onlinehelp/IS_Settings_EnhancedXMLParsing"
          width="650"/>
   <topic id="IS_Settings_EnhancedXMLParsing_Edit"
          url="/WmRoot/doc/OnlineHelp/index.html#context/is-onlinehelp/IS_Settings_EnhancedXMLParsing_Edit"
          width="650"/>
   <topic id="IS_Settings_GlobalVariables"
          url="/WmRoot/doc/OnlineHelp/index.html#context/is-onlinehelp/IS_Settings_GlobalVariables"
          width="650"/>
   <topic id="IS_Settings_GlobalVariables_Add"
          url="/WmRoot/doc/OnlineHelp/index.html#context/is-onlinehelp/IS_Settings_GlobalVariables_Add"
          width="650"/>
   <topic id="IS_Settings_GlobalVariables_Edit"
          url="/WmRoot/doc/OnlineHelp/index.html#context/is-onlinehelp/IS_Settings_GlobalVariables_Edit"
          width="650"/>
   <topic id="IS_Settings_HotDeployment"
          url="/WmRoot/doc/OnlineHelp/index.html#context/is-onlinehelp/IS_Settings_HotDeployment"
          width="650"/>
   <topic id="IS_Settings_HotDeployment_Edit"
          url="/WmRoot/doc/OnlineHelp/index.html#context/is-onlinehelp/IS_Settings_HotDeployment_Edit"
          width="650"/>
   <topic id="IS_Settings_JDBC_PoolsScrn"
          url="/WmRoot/doc/OnlineHelp/index.html#context/is-onlinehelp/IS_Settings_JDBC_PoolsScrn"
          width="650"/>
   <topic id="IS_Settings_EditJDBC_FunctionalAliasScrn"
          url="/WmRoot/doc/OnlineHelp/index.html#context/is-onlinehelp/IS_Settings_EditJDBC_FunctionalAliasScrn"
          width="650"/>
   <topic id="IS_Settings_EditJDBC_PoolAliasScrn"
          url="/WmRoot/doc/OnlineHelp/index.html#context/is-onlinehelp/IS_Settings_EditJDBC_PoolAliasScrn"
          width="650"/>
   <topic id="IS_Settings_EditJDBC_DriverAliasScrn"
          url="/WmRoot/doc/OnlineHelp/index.html#context/is-onlinehelp/IS_Settings_EditJDBC_DriverAliasScrn"
          width="650"/>
   <topic id="IS_Settings_CreateJDBC_PoolAliasScrn"
          url="/WmRoot/doc/OnlineHelp/index.html#context/is-onlinehelp/IS_Settings_CreateJDBC_PoolAliasScrn"
          width="650"/>
   <topic id="IS_Settings_CopyJDBC_PoolAliasScrn"
          url="/WmRoot/doc/OnlineHelp/index.html#context/is-onlinehelp/IS_Settings_CopyJDBC_PoolAliasScrn"
          width="650"/>
   <topic id="IS_Settings_CreateJDBC_DriverAliasScrn"
          url="/WmRoot/doc/OnlineHelp/index.html#context/is-onlinehelp/IS_Settings_CreateJDBC_DriverAliasScrn"
          width="650"/>
   <topic id="IS_Settings_LicensingScrn"
          url="/WmRoot/doc/OnlineHelp/index.html#context/is-onlinehelp/IS_Settings_LicensingScrn"
          width="650"/>
   <topic id="IS_Settings_LicensingDetailsScrn"
          url="/WmRoot/doc/OnlineHelp/index.html#context/is-onlinehelp/IS_Settings_LicensingDetailsScrn"
          width="650"/>
   <topic id="IS_Settings_EditLicensingScrn"
          url="/WmRoot/doc/OnlineHelp/index.html#context/is-onlinehelp/IS_Settings_EditLicensingScrn"
          width="650"/>
   <topic id="IS_Settings_LoggingScrn"
          url="/WmRoot/doc/OnlineHelp/index.html#context/is-onlinehelp/IS_Settings_LoggingScrn"
          width="650"/>
   <topic id="IS_Settings_DocumentLoggerScrn"
          url="/WmRoot/doc/OnlineHelp/index.html#context/is-onlinehelp/IS_Settings_DocumentLoggerScrn"
          width="650"/>
   <topic id="IS_Settings_EditDocumentLoggerScrn"
          url="/WmRoot/doc/OnlineHelp/index.html#context/is-onlinehelp/IS_Settings_EditDocumentLoggerScrn"
          width="650"/>
   <topic id="IS_Settings_ErrorLoggerScrn"
          url="/WmRoot/doc/OnlineHelp/index.html#context/is-onlinehelp/IS_Settings_ErrorLoggerScrn"
          width="650"/>
   <topic id="IS_Settings_EditErrorLoggerScrn"
          url="/WmRoot/doc/OnlineHelp/index.html#context/is-onlinehelp/IS_Settings_EditErrorLoggerScrn"
          width="650"/>
   <topic id="IS_Settings_GDInboundLoggerScrn"
          url="/WmRoot/doc/OnlineHelp/index.html#context/is-onlinehelp/IS_Settings_GDInboundLoggerScrn"
          width="650"/>
   <topic id="IS_Settings_EditGDInboundLoggerScrn"
          url="/WmRoot/doc/OnlineHelp/index.html#context/is-onlinehelp/IS_Settings_EditGDInboundLoggerScrn"
          width="650"/>
   <topic id="IS_Settings_GDOutboundLoggerScrn"
          url="/WmRoot/doc/OnlineHelp/index.html#context/is-onlinehelp/IS_Settings_GDOutboundLoggerScrn"
          width="650"/>
   <topic id="IS_Settings_EditGDOutboundLoggerScrn"
          url="/WmRoot/doc/OnlineHelp/index.html#context/is-onlinehelp/IS_Settings_EditGDOutboundLoggerScrn"
          width="650"/>
   <topic id="IS_Settings_MessagingLoggerScrn"
          url="/WmRoot/doc/OnlineHelp/index.html#context/is-onlinehelp/IS_Settings_MessagingLoggerScrn"
          width="650"/>
   <topic id="IS_Settings_EditMessagingLoggerScrn"
          url="/WmRoot/doc/OnlineHelp/index.html#context/is-onlinehelp/IS_Settings_EditMessagingLoggerScrn"
          width="650"/>
   <topic id="IS_Settings_MediatorTransactionLoggerScrn"
          url="/WmRoot/doc/OnlineHelp/index.html#context/is-onlinehelp/IS_Settings_MediatorTransactionLoggerScrn"
          width="650"/>
   <topic id="IS_Settings_EditMediatorTransactionLoggerScrn"
          url="/WmRoot/doc/OnlineHelp/index.html#context/is-onlinehelp/IS_Settings_EditMediatorTransactionLoggerScrn"
          width="650"/>
   <topic id="IS_Settings_SecurityLoggerScrn"
          url="/WmRoot/doc/OnlineHelp/index.html#context/is-onlinehelp/IS_Settings_SecurityLoggerScrn"
          width="650"/>
   <topic id="IS_Settings_EditSecurityLoggerScrn"
          url="/WmRoot/doc/OnlineHelp/index.html#context/is-onlinehelp/IS_Settings_EditSecurityLoggerScrn"
          width="650"/>
   <topic id="IS_Settings_ServerLoggerScrn"
          url="/WmRoot/doc/OnlineHelp/index.html#context/is-onlinehelp/IS_Settings_ServerLoggerScrn"
          width="650"/>
   <topic id="IS_Settings_EditServerLoggerScrn"
          url="/WmRoot/doc/OnlineHelp/index.html#context/is-onlinehelp/IS_Settings_EditServerLoggerScrn"
          width="650"/>
   <topic id="IS_Settings_ServiceLoggerScrn"
          url="/WmRoot/doc/OnlineHelp/index.html#context/is-onlinehelp/IS_Settings_ServiceLoggerScrn"
          width="650"/>
   <topic id="IS_Settings_EditServiceLoggerScrn"
          url="/WmRoot/doc/OnlineHelp/index.html#context/is-onlinehelp/IS_Settings_EditServiceLoggerScrn"
          width="650"/>
   <topic id="IS_Settings_SessionsLoggerScrn"
          url="/WmRoot/doc/OnlineHelp/index.html#context/is-onlinehelp/IS_Settings_SessionsLoggerScrn"
          width="650"/>
   <topic id="IS_Settings_EditSessionsLoggerScrn"
          url="/WmRoot/doc/OnlineHelp/index.html#context/is-onlinehelp/IS_Settings_EditSessionsLoggerScrn"
          width="650"/>
   <topic id="IS_Settings_UMClientLoggerScrn"
          url="/WmRoot/doc/OnlineHelp/index.html#context/is-onlinehelp/IS_Settings_UMClientLoggerScrn"
          width="650"/>
   <topic id="IS_Settings_EditUMClientLoggerScrn"
          url="/WmRoot/doc/OnlineHelp/index.html#context/is-onlinehelp/IS_Settings_EditUMClientLoggerScrn"
          width="650"/>
   <topic id="IS_Settings_Messaging_webMMsgingScrn"
          url="/WmRoot/doc/OnlineHelp/index.html#context/is-onlinehelp/IS_Settings_Messaging_webMMsgingScrn"
          width="650"/>
   <topic id="IS_Settings_Messaging_webMMsgingSettingsScrn"
          url="/WmRoot/doc/OnlineHelp/index.html#context/is-onlinehelp/IS_Settings_Messaging_webMMsgingSettingsScrn"
          width="650"/>
   <topic id="IS_Settings_Messaging_webMMsgingSettings_ConnectionAlias_CreateBrokerScrn"
          url="/WmRoot/doc/OnlineHelp/index.html#context/is-onlinehelp/IS_Settings_Messaging_webMMsgingSettings_ConnectionAlias_CreateBrokerScrn"
          width="650"/>
   <topic id="IS_Settings_Messaging_webMMsgingSettings_ConnectionAlias_EditBrokerScrn"
          url="/WmRoot/doc/OnlineHelp/index.html#context/is-onlinehelp/IS_Settings_Messaging_webMMsgingSettings_ConnectionAlias_EditBrokerScrn"
          width="650"/>
   <topic id="IS_Settings_Messaging_webMMsgingSettings_ConnectionAlias_BrokerDetailScrn"
          url="/WmRoot/doc/OnlineHelp/index.html#context/is-onlinehelp/IS_Settings_Messaging_webMMsgingSettings_ConnectionAlias_BrokerDetailScrn"
          width="650"/>
   <topic id="IS_Settings_Messaging_webMMsgingSettings_ConnectionAlias_CreateUMScrn"
          url="/WmRoot/doc/OnlineHelp/index.html#context/is-onlinehelp/IS_Settings_Messaging_webMMsgingSettings_ConnectionAlias_CreateUMScrn"
          width="650"/>
   <topic id="IS_Settings_Messaging_webMMsgingSettings_ConnectionAlias_EditUMScrn"
          url="/WmRoot/doc/OnlineHelp/index.html#context/is-onlinehelp/IS_Settings_Messaging_webMMsgingSettings_ConnectionAlias_EditUMScrn"
          width="650"/>
   <topic id="IS_Settings_Messaging_webMMsgingSettings_ConnectionAlias_UMDetailScrn"
          url="/WmRoot/doc/OnlineHelp/index.html#context/is-onlinehelp/IS_Settings_Messaging_webMMsgingSettings_ConnectionAlias_UMDetailScrn"
          width="650"/>
   <topic id="IS_Settings_Messaging_webMMsgingSettings_ConnectionAlias_EditDESScrn"
          url="/WmRoot/doc/OnlineHelp/index.html#context/is-onlinehelp/IS_Settings_Messaging_webMMsgingSettings_ConnectionAlias_EditDESScrn"
          width="650"/>
   <topic id="IS_Settings_Messaging_webMMsgingSettings_ConnectionAlias_DESDetailScreen"
          url="/WmRoot/doc/OnlineHelp/index.html#context/is-onlinehelp/IS_Settings_Messaging_webMMsgingSettings_ConnectionAlias_DESDetailScreen"
          width="650"/>
   <topic id="IS_Settings_Messaging_webMMsgingSettings_ChangeDefaultConnectionAliasScrn"
          url="/WmRoot/doc/OnlineHelp/index.html#context/is-onlinehelp/IS_Settings_Messaging_webMMsgingSettings_ChangeDefaultConnectionAliasScrn"
          width="650"/>
   <topic id="IS_Settings_TriggerMgmtScrn"
          url="/WmRoot/doc/OnlineHelp/index.html#context/is-onlinehelp/IS_Settings_TriggerMgmtScrn"
          width="650"/>
   <topic id="IS_Settings_EditGlobalTriggerCntrlsScrn"
          url="/WmRoot/doc/OnlineHelp/index.html#context/is-onlinehelp/IS_Settings_EditGlobalTriggerCntrlsScrn"
          width="650"/>
   <topic id="IS_Settings_TriggerDetailScrn"
          url="/WmRoot/doc/OnlineHelp/index.html#context/is-onlinehelp/IS_Settings_TriggerDetailScrn"
          width="650"/>
   <topic id="IS_Settings_EditTriggerPropertiesScrn"
          url="/WmRoot/doc/OnlineHelp/index.html#context/is-onlinehelp/IS_Settings_EditTriggerPropertiesScrn"
          width="650"/>
   <topic id="IS_Settings_EditTriggerStateScrn"
          url="/WmRoot/doc/OnlineHelp/index.html#context/is-onlinehelp/IS_Settings_EditTriggerStateScrn"
          width="650"/>
   <topic id="IS_Settings_EditStateIndivTriggerScrn"
          url="/WmRoot/doc/OnlineHelp/index.html#context/is-onlinehelp/IS_Settings_EditStateIndivTriggerScrn"
          width="650"/>
   <topic id="IS_Settings_ClusterViewScrn"
          url="/WmRoot/doc/OnlineHelp/index.html#context/is-onlinehelp/IS_Settings_ClusterViewScrn"
          width="650"/>
   <topic id="IS_Settings_Msging_JMSsetScrn"
          url="/WmRoot/doc/OnlineHelp/index.html#context/is-onlinehelp/IS_Settings_Msging_JMSsetScrn"
          width="650"/>
   <topic id="IS_Settings_Msging_CreateJMSaliasScrn"
          url="/WmRoot/doc/OnlineHelp/index.html#context/is-onlinehelp/IS_Settings_Msging_CreateJMSaliasScrn"
          width="650"/>
   <topic id="IS_Settings_Msging_JMSaliasDetailsScrn"
          url="/WmRoot/doc/OnlineHelp/index.html#context/is-onlinehelp/IS_Settings_Msging_JMSaliasDetailsScrn"
          width="650"/>
   <topic id="IS_Settings_Msging_JMSaliasEditScrn"
          url="/WmRoot/doc/OnlineHelp/index.html#context/is-onlinehelp/IS_Settings_Msging_JMSaliasEditScrn"
          width="650"/>
   <topic id="IS_Settings_Msging_JMS_TriggerMgmt"
          url="/WmRoot/doc/OnlineHelp/index.html#context/is-onlinehelp/IS_Settings_Msging_JMS_TriggerMgmt"
          width="650"/>
   <topic id="IS_Settings_Msging_JMS_TriggerMgmtEdit"
          url="/WmRoot/doc/OnlineHelp/index.html#context/is-onlinehelp/IS_Settings_Msging_JMS_TriggerMgmtEdit"
          width="650"/>
   <topic id="IS_Settings_Msging_JMS_TriggerEditStateAll"
          url="/WmRoot/doc/OnlineHelp/index.html#context/is-onlinehelp/IS_Settings_Msging_JMS_TriggerEditStateAll"
          width="650"/>
   <topic id="IS_Settings_Msging_JMS_TriggerEditStateIndiv"
          url="/WmRoot/doc/OnlineHelp/index.html#context/is-onlinehelp/IS_Settings_Msging_JMS_TriggerEditStateIndiv"
          width="650"/>
   <topic id="IS_Settings_Msging_JMS_TriggerMgmt_WSEndpontTrigger"
          url="/WmRoot/doc/OnlineHelp/index.html#context/is-onlinehelp/IS_Settings_Msging_JMS_TriggerMgmt_WSEndpontTrigger"
          width="650"/>
   <topic id="IS_Settings_Msging_JMS_TriggerMgmt_Edit_WSEndpontTrigger"
          url="/WmRoot/doc/OnlineHelp/index.html#context/is-onlinehelp/IS_Settings_Msging_JMS_TriggerMgmt_Edit_WSEndpontTrigger"
          width="650"/>
   <topic id="IS_Settings_Msging_JNDIsetScrn"
          url="/WmRoot/doc/OnlineHelp/index.html#context/is-onlinehelp/IS_Settings_Msging_JNDIsetScrn"
          width="650"/>
   <topic id="IS_Settings_Msging_CreateJNDIaliasScrn"
          url="/WmRoot/doc/OnlineHelp/index.html#context/is-onlinehelp/IS_Settings_Msging_CreateJNDIaliasScrn"
          width="650"/>
   <topic id="IS_Settings_Msging_JNDIaliasDetailsScrn"
          url="/WmRoot/doc/OnlineHelp/index.html#context/is-onlinehelp/IS_Settings_Msging_JNDIaliasDetailsScrn"
          width="650"/>
   <topic id="IS_Settings_Msging_JNDIaliasEditScrn"
          url="/WmRoot/doc/OnlineHelp/index.html#context/is-onlinehelp/IS_Settings_Msging_JNDIaliasEditScrn"
          width="650"/>
   <topic id="IS_Settings_Messaging_MQTTSettingsScrn"
          url="/WmRoot/doc/OnlineHelp/index.html#context/is-onlinehelp/IS_Settings_Messaging_MQTTSettingsScrn"
          width="650"/>
   <topic id="IS_Settings_Messaging_MQTTCreateAliasScrn"
          url="/WmRoot/doc/OnlineHelp/index.html#context/is-onlinehelp/IS_Settings_Messaging_MQTTCreateAliasScrn"
          width="650"/>
   <topic id="IS_Settings_Messaging_MQTTAliasDetailsScrn"
          url="/WmRoot/doc/OnlineHelp/index.html#context/is-onlinehelp/IS_Settings_Messaging_MQTTAliasDetailsScrn"
          width="650"/>
   <topic id="IS_Settings_Messaging_MQTTAliasEditScrn"
          url="/WmRoot/doc/OnlineHelp/index.html#context/is-onlinehelp/IS_Settings_Messaging_MQTTAliasEditScrn"
          width="650"/>
   <topic id="IS_Settings_Messaging_MQTTTriggerMgmtScrn"
          url="/WmRoot/doc/OnlineHelp/index.html#context/is-onlinehelp/IS_Settings_Messaging_MQTTTriggerMgmtScrn"
          width="650"/>
   <topic id="IS_Settings_Messaging_MQTTEditTriggerGlobalScrn"
          url="/WmRoot/doc/OnlineHelp/index.html#context/is-onlinehelp/IS_Settings_Messaging_MQTTEditTriggerGlobalScrn"
          width="650"/>
   <topic id="IS_Settings_Messaging_MQTTEditTriggerIndvidualScrn"
          url="/WmRoot/doc/OnlineHelp/index.html#context/is-onlinehelp/IS_Settings_Messaging_MQTTEditTriggerIndvidualScrn"
          width="650"/>
   <topic id="IS_Settings_Metadata_Config"
          url="/WmRoot/doc/OnlineHelp/index.html#context/is-onlinehelp/IS_Settings_Metadata_Config"
          width="650"/>
   <topic id="IS_Settings_Metadata_Config_Edit"
          url="/WmRoot/doc/OnlineHelp/index.html#context/is-onlinehelp/IS_Settings_Metadata_Config_Edit"
          width="650"/>
   <topic id="IS_Settings_ProxyServersScrn"
          url="/WmRoot/doc/OnlineHelp/index.html#context/is-onlinehelp/IS_Settings_ProxyServersScrn"
          width="650"/>
   <topic id="IS_Settings_CreateProxyAliasScrn"
          url="/WmRoot/doc/OnlineHelp/index.html#context/is-onlinehelp/IS_Settings_CreateProxyAliasScrn"
          width="650"/>
   <topic id="IS_Settings_EditProxyScrn"
          url="/WmRoot/doc/OnlineHelp/index.html#context/is-onlinehelp/IS_Settings_EditProxyScrn"
          width="650"/>
   <topic id="IS_Settings_EditProxyBypassScrn"
          url="/WmRoot/doc/OnlineHelp/index.html#context/is-onlinehelp/IS_Settings_EditProxyBypassScrn"
          width="650"/>
   <topic id="IS_Settings_QuiescePortConfigScrn"
          url="/WmRoot/doc/OnlineHelp/index.html#context/is-onlinehelp/IS_Settings_QuiescePortConfigScrn"
          width="650"/>
   <topic id="IS_Settings_RemoteServersScrn"
          url="/WmRoot/doc/OnlineHelp/index.html#context/is-onlinehelp/IS_Settings_RemoteServersScrn"
          width="650"/>
   <topic id="IS_Settings_CreateRemoteSvrAliasScrn"
          url="/WmRoot/doc/OnlineHelp/index.html#context/is-onlinehelp/IS_Settings_CreateRemoteSvrAliasScrn"
          width="650"/>
   <topic id="IS_Settings_EditRemoteSvrAliasScrn"
          url="/WmRoot/doc/OnlineHelp/index.html#context/is-onlinehelp/IS_Settings_EditRemoteSvrAliasScrn"
          width="650"/>
   <topic id="IS_Settings_ResourcesScrn"
          url="/WmRoot/doc/OnlineHelp/index.html#context/is-onlinehelp/IS_Settings_ResourcesScrn"
          width="650"/>
   <topic id="IS_Settings_EditResourceSetScrn"
          url="/WmRoot/doc/OnlineHelp/index.html#context/is-onlinehelp/IS_Settings_EditResourceSetScrn"
          width="650"/>
   <topic id="IS_Settings_DocStoresScrn"
          url="/WmRoot/doc/OnlineHelp/index.html#context/is-onlinehelp/IS_Settings_DocStoresScrn"
          width="650"/>
   <topic id="IS_Settings_EditDocStoresScrn"
          url="/WmRoot/doc/OnlineHelp/index.html#context/is-onlinehelp/IS_Settings_EditDocStoresScrn"
          width="650"/>
   <topic id="IS_Settings_EditXARecoveryStoreScrn"
          url="/WmRoot/doc/OnlineHelp/index.html#context/is-onlinehelp/IS_Settings_EditXARecoveryStoreScrn"
          width="650"/>
   <topic id="IS_Settings_XAManualRecoveryScrn"
          url="/WmRoot/doc/OnlineHelp/index.html#context/is-onlinehelp/IS_Settings_XAManualRecoveryScrn"
          width="650"/>
   <topic id="IS_Settings_DetailsForXIDScrn"
          url="/WmRoot/doc/OnlineHelp/index.html#context/is-onlinehelp/IS_Settings_DetailsForXIDScrn"
          width="650"/>
   <topic id="IS_Settings_ExactlyOnceStatsScrn"
          url="/WmRoot/doc/OnlineHelp/index.html#context/is-onlinehelp/IS_Settings_ExactlyOnceStatsScrn"
          width="650"/>
   <topic id="IS_Settings_MimeTypesScrn"
          url="/WmRoot/doc/OnlineHelp/index.html#context/is-onlinehelp/IS_Settings_MimeTypesScrn"
          width="650"/>
   <topic id="IS_Settings_MimeTypesScrn_Edit"
          url="/WmRoot/doc/OnlineHelp/index.html#context/is-onlinehelp/IS_Settings_MimeTypesScrn_Edit"
          width="650"/>
   <topic id="IS_Settings_SFTP"
          url="/WmRoot/doc/OnlineHelp/index.html#context/is-onlinehelp/IS_Settings_SFTP"
          width="650"/>
   <topic id="IS_Settings_SFTP_ServerAliasSettings_Create"
          url="/WmRoot/doc/OnlineHelp/index.html#context/is-onlinehelp/IS_Settings_SFTP_ServerAliasSettings_Create"
          width="650"/>
   <topic id="IS_Settings_SFTP_ServerAliasSettings_Edit"
          url="/WmRoot/doc/OnlineHelp/index.html#context/is-onlinehelp/IS_Settings_SFTP_ServerAliasSettings_Edit"
          width="650"/>
   <topic id="IS_Settings_SFTP_UserAliasSettings"
          url="/WmRoot/doc/OnlineHelp/index.html#context/is-onlinehelp/IS_Settings_SFTP_UserAliasSettings"
          width="650"/>
   <topic id="IS_Settings_SFTP_UserAliasSettings_Create"
          url="/WmRoot/doc/OnlineHelp/index.html#context/is-onlinehelp/IS_Settings_SFTP_UserAliasSettings_Create"
          width="650"/>
   <topic id="IS_Settings_SFTP_UserAliasSettings_Edit"
          url="/WmRoot/doc/OnlineHelp/index.html#context/is-onlinehelp/IS_Settings_SFTP_UserAliasSettings_Edit"
          width="650"/>
   <topic id="IS_Settings_URL_Aliases"
          url="/WmRoot/doc/OnlineHelp/index.html#context/is-onlinehelp/IS_Settings_URL_Aliases"
          width="650"/>
   <topic id="IS_Settings_URL_Alias_Create"
          url="/WmRoot/doc/OnlineHelp/index.html#context/is-onlinehelp/IS_Settings_URL_Alias_Create"
          width="650"/>
   <topic id="IS_Settings_URL_Alias_Edit"
          url="/WmRoot/doc/OnlineHelp/index.html#context/is-onlinehelp/IS_Settings_URL_Alias_Edit"
          width="650"/>
   <topic id="IS_Settings_WebServicesScrn"
          url="/WmRoot/doc/OnlineHelp/index.html#context/is-onlinehelp/IS_Settings_WebServicesScrn"
          width="650"/>
   <topic id="IS_Settings_WebServiceAlias"
          url="/WmRoot/doc/OnlineHelp/index.html#context/is-onlinehelp/IS_Settings_WebServiceAlias"
          width="650"/>
   <topic id="IS_Settings_WebSvcAliasDetailsScrn"
          url="/WmRoot/doc/OnlineHelp/index.html#context/is-onlinehelp/IS_Settings_WebSvcAliasDetailsScrn"
          width="650"/>
   <topic id="IS_Settings_WebServiceAliasEditScrn"
          url="/WmRoot/doc/OnlineHelp/index.html#context/is-onlinehelp/IS_Settings_WebServiceAliasEditScrn"
          width="650"/>
   <topic id="IS_Settings_ReliableMessagingScrn"
          url="/WmRoot/doc/OnlineHelp/index.html#context/is-onlinehelp/IS_Settings_ReliableMessagingScrn"
          width="650"/>
   <topic id="IS_Settings_ReliableMessagingPropertiesScrn"
          url="/WmRoot/doc/OnlineHelp/index.html#context/is-onlinehelp/IS_Settings_ReliableMessagingPropertiesScrn"
          width="650"/>
   <topic id="IS_Settings_DefaultWebSvcAliasScrn"
          url="/WmRoot/doc/OnlineHelp/index.html#context/is-onlinehelp/IS_Settings_DefaultWebSvcAliasScrn"
          width="650"/>
   <topic id="IS_Settings_ExtendedScrn"
          url="/WmRoot/doc/OnlineHelp/index.html#context/is-onlinehelp/IS_Settings_ExtendedScrn"
          width="650"/>
   <topic id="IS_Settings_ShowHideKeysScrn"
          url="/WmRoot/doc/OnlineHelp/index.html#context/is-onlinehelp/IS_Settings_ShowHideKeysScrn"
          width="650"/>
   <topic id="IS_References_LogFileTypes"
          url="/WmRoot/doc/OnlineHelp/index.html#context/is-onlinehelp/IS_References_LogFileTypes"
          width="650"/>
   <topic id="IS_References_PasswordReqs"
          url="/WmRoot/doc/OnlineHelp/index.html#context/is-onlinehelp/IS_References_PasswordReqs"
          width="650"/>
   <topic id="IS_References_PredefinedUserAccts"
          url="/WmRoot/doc/OnlineHelp/index.html#context/is-onlinehelp/IS_References_PredefinedUserAccts"
          width="650"/>
   <topic id="IS_References_PredefinedGroups"
          url="/WmRoot/doc/OnlineHelp/index.html#context/is-onlinehelp/IS_References_PredefinedGroups"
          width="650"/>
   <topic id="DB_AliasMgmntScrn"
          url="/WmDB/doc/OnlineHelp/index.html#context/wmdb-onlinehelp/DB_AliasMgmntScrn"
          width="650"/>
   <topic id="DB_NewDBAliasScrn"
          url="/WmDB/doc/OnlineHelp/index.html#context/wmdb-onlinehelp/DB_NewDBAliasScrn"
          width="650"/>
   <topic id="DB_EditAliasInfoScrn"
          url="/WmDB/doc/OnlineHelp/index.html#context/wmdb-onlinehelp/DB_EditAliasInfoScrn"
          width="650"/>
   <topic id="DB_ChgPasswordScrn"
          url="/WmDB/doc/OnlineHelp/index.html#context/wmdb-onlinehelp/DB_ChgPasswordScrn"
          width="650"/>
   <topic id="DB_SpecifyConnectParamsScrn"
          url="/WmDB/doc/OnlineHelp/index.html#context/wmdb-onlinehelp/DB_SpecifyConnectParamsScrn"
          width="650"/>
   <topic id="DB_TablesInScrn"
          url="/WmDB/doc/OnlineHelp/index.html#context/wmdb-onlinehelp/DB_TablesInScrn"
          width="650"/>
   <topic id="DB_ColumnsInScrn"
          url="/WmDB/doc/OnlineHelp/index.html#context/wmdb-onlinehelp/DB_ColumnsInScrn"
          width="650"/>
   <topic id="DB_GenNewDBScrn"
          url="/WmDB/doc/OnlineHelp/index.html#context/wmdb-onlinehelp/DB_GenNewDBScrn"
          width="650"/>
   <topic id="DB_InputBindGenScrn"
          url="/WmDB/doc/OnlineHelp/index.html#context/wmdb-onlinehelp/DB_InputBindGenScrn"
          width="650"/>
</help>